<?xml version="1.0" encoding="UTF-8"?>
<model:TWSBatchApplicationInstance xmlns:model="http://www.ibm.com/xmlns/prod/scheduling/1.0/Model">
  <model:Name>TESTJS</model:Name>
  <model:JobDefinition folder="$FOLDER_/$/" logon="^USER_LOGON^" name="$JOB_TESTJOB1$" workstation="$FOLDER_/$/$WORKSTATION_TESTCPU$">
    <model:task cmd="true" exec="ls" interactive="false" jsdlTask="false" type="UNIX"/>
    <model:recovery action="stop"/>
  </model:JobDefinition>
  <model:JobStream carryforward="false" draft="false" folder="$FOLDER_/$/" iskey="false" limit="-1" name="$JOBSTREAM_TESTJS$" onrequest="false" priority="10" vartable="$FOLDER_/$/$VARTABLE_TEST_VT$" workstation="$FOLDER_/$/$WORKSTATION_TESTCPU$">
    <model:runcycles/>
    <model:matching>
      <model:sameDay/>
    </model:matching>
    <model:restrictions/>
    <model:dependencies>
      <model:resource quantity="1" ref="$FOLDER_/$/$WORKSTATION_TESTCPU$#$FOLDER_/$/$RESOURCE_TESTRES$"/>
    </model:dependencies>
    <model:jobs>
      <model:job confirmed="false" defintion="$FOLDER_/$/$WORKSTATION_TESTCPU$#$FOLDER_/$/$JOB_TESTJOB1$" isCritical="false" iskey="false" name="$JOB_TESTJOB1$" priority="10">
        <model:restrictions/>
        <model:dependencies/>
      </model:job>
    </model:jobs>
  </model:JobStream>
  <model:Resource folder="$FOLDER_/$/" name="$RESOURCE_TESTRES$" units="10" workstation="$FOLDER_/$/$WORKSTATION_TESTCPU$"/>
  <model:VariableTable folder="$FOLDER_/$/" isdefault="false" name="$VARTABLE_TEST_VT$">
    <model:member name="USER_LOGON" value="$VARIABLEVALUE_TEST_VT/USER_LOGON$"/>
  </model:VariableTable>
</model:TWSBatchApplicationInstance>